{
  "resources": [
    "zombies.ogg",
    "zombies.m4a",
    "zombies.mp3",
    "zombies.ac3"
  ],
  "spritemap": {
    "zombie-1": {
      "start": 0,
      "end": 0.854172335600907,
      "loop": false
    },
    "zombie-10": {
      "start": 2,
      "end": 2.6875056689342403,
      "loop": false
    },
    "zombie-11": {
      "start": 4,
      "end": 4.5,
      "loop": false
    },
    "zombie-12": {
      "start": 6,
      "end": 6.791655328798186,
      "loop": false
    },
    "zombie-13": {
      "start": 8,
      "end": 8.562517006802722,
      "loop": false
    },
    "zombie-14": {
      "start": 10,
      "end": 10.666666666666666,
      "loop": false
    },
    "zombie-15": {
      "start": 12,
      "end": 12.87498866213152,
      "loop": false
    },
    "zombie-16": {
      "start": 14,
      "end": 15.43750566893424,
      "loop": false
    },
    "zombie-17": {
      "start": 17,
      "end": 18.583333333333332,
      "loop": false
    },
    "zombie-18": {
      "start": 20,
      "end": 21.104149659863946,
      "loop": false
    },
    "zombie-19": {
      "start": 23,
      "end": 23.979160997732425,
      "loop": false
    },
    "zombie-2": {
      "start": 25,
      "end": 25.708321995464853,
      "loop": false
    },
    "zombie-20": {
      "start": 27,
      "end": 27.958321995464853,
      "loop": false
    },
    "zombie-21": {
      "start": 29,
      "end": 30.083333333333332,
      "loop": false
    },
    "zombie-22": {
      "start": 32,
      "end": 32.666666666666664,
      "loop": false
    },
    "zombie-23": {
      "start": 34,
      "end": 34.81249433106576,
      "loop": false
    },
    "zombie-24": {
      "start": 36,
      "end": 36.333333333333336,
      "loop": false
    },
    "zombie-3": {
      "start": 38,
      "end": 38.583333333333336,
      "loop": false
    },
    "zombie-4": {
      "start": 40,
      "end": 40.729183673469386,
      "loop": false
    },
    "zombie-5": {
      "start": 42,
      "end": 42.5,
      "loop": false
    },
    "zombie-6": {
      "start": 44,
      "end": 44.541655328798186,
      "loop": false
    },
    "zombie-7": {
      "start": 46,
      "end": 46.583333333333336,
      "loop": false
    },
    "zombie-8": {
      "start": 48,
      "end": 48.833333333333336,
      "loop": false
    },
    "zombie-9": {
      "start": 50,
      "end": 50.87498866213152,
      "loop": false
    }
  }
}